SET sql_mode='NO_BACKSLASH_ESCAPES';
CREATE TABLE `schema_migrations` (`version` varchar(255) NOT NULL);
INSERT INTO `schema_migrations` VALUES('20140713042447');
INSERT INTO `schema_migrations` VALUES('20140727092919');
INSERT INTO `schema_migrations` VALUES('20140729032421');
INSERT INTO `schema_migrations` VALUES('20140731110531');
INSERT INTO `schema_migrations` VALUES('20140806091451');
INSERT INTO `schema_migrations` VALUES('20140806091513');
INSERT INTO `schema_migrations` VALUES('20140808071332');
INSERT INTO `schema_migrations` VALUES('20140808101709');
INSERT INTO `schema_migrations` VALUES('20140812074839');
INSERT INTO `schema_migrations` VALUES('20140814052843');
INSERT INTO `schema_migrations` VALUES('20140816071751');
INSERT INTO `schema_migrations` VALUES('20140818043029');
INSERT INTO `schema_migrations` VALUES('20140902072301');
INSERT INTO `schema_migrations` VALUES('20140907042336');
INSERT INTO `schema_migrations` VALUES('20140907082809');
INSERT INTO `schema_migrations` VALUES('20140907095459');
INSERT INTO `schema_migrations` VALUES('20140908090959');
INSERT INTO `schema_migrations` VALUES('20140908093829');
INSERT INTO `schema_migrations` VALUES('20140908101019');
INSERT INTO `schema_migrations` VALUES('20140910065222');
INSERT INTO `schema_migrations` VALUES('20140910065349');
INSERT INTO `schema_migrations` VALUES('20141014060418');
INSERT INTO `schema_migrations` VALUES('20141113101011');
INSERT INTO `schema_migrations` VALUES('20141119073519');
INSERT INTO `schema_migrations` VALUES('20141208035818');
INSERT INTO `schema_migrations` VALUES('20141208054233');
INSERT INTO `schema_migrations` VALUES('20141228061139');
INSERT INTO `schema_migrations` VALUES('20141229054512');
INSERT INTO `schema_migrations` VALUES('20150330081021');
INSERT INTO `schema_migrations` VALUES('20150401110220');
INSERT INTO `schema_migrations` VALUES('20150401110341');
INSERT INTO `schema_migrations` VALUES('20150407223643');
INSERT INTO `schema_migrations` VALUES('20150409115519');
INSERT INTO `schema_migrations` VALUES('20150417044602');
INSERT INTO `schema_migrations` VALUES('20150419103858');
INSERT INTO `schema_migrations` VALUES('20150420053538');
INSERT INTO `schema_migrations` VALUES('20150421062325');
INSERT INTO `schema_migrations` VALUES('20150422032529');
INSERT INTO `schema_migrations` VALUES('20150430024945');
INSERT INTO `schema_migrations` VALUES('20150611021339');
INSERT INTO `schema_migrations` VALUES('20150611083913');
INSERT INTO `schema_migrations` VALUES('20150612044403');
INSERT INTO `schema_migrations` VALUES('20150620062917');
INSERT INTO `schema_migrations` VALUES('20150620105001');
INSERT INTO `schema_migrations` VALUES('20150807073434');
INSERT INTO `schema_migrations` VALUES('20150811035158');
CREATE TABLE `users` (`id` INTEGER PRIMARY KEY AUTO_INCREMENT NOT NULL, `email` varchar(255) DEFAULT '' NOT NULL, `encrypted_password` varchar(255) DEFAULT '' NOT NULL, `reset_password_token` varchar(255), `reset_password_sent_at` datetime, `remember_created_at` datetime, `sign_in_count` integer DEFAULT 0 NOT NULL, `current_sign_in_at` datetime, `last_sign_in_at` datetime, `current_sign_in_ip` varchar(255), `last_sign_in_ip` varchar(255), `created_at` datetime, `updated_at` datetime);
CREATE TABLE `staff_members` (`id` INTEGER PRIMARY KEY AUTO_INCREMENT NOT NULL, `farm_name` varchar(255), `email` varchar(255) NOT NULL, `email_for_index` varchar(255) NOT NULL, `family_name` varchar(255), `given_name` varchar(255), `family_name_kana` varchar(255), `given_name_kana` varchar(255), `hashed_password` varchar(255), `start_date` date, `end_date` date, `suspended` boolean DEFAULT '0', `created_at` datetime, `updated_at` datetime, `image` varchar(255), `farmimg1` varchar(255), `farmimg2` varchar(255), `farmimg3` varchar(255));
INSERT INTO `staff_members` VALUES(1,'うむ農園','hideakitakahashi99@gmail.com','hideakitakahashi99@gmail.com','高橋','秀彰','タカハシ','ヒデアキ','$2a$10$5CiRgHMDzf19MbqPqQU11u25fWBjd5zsIphesmqRRFjN5S6VnzR9O',NULL,NULL,'1','2017-01-13 11:08:32.004112','2017-01-13 11:11:58.590648','007__TTT5737.jpg',NULL,NULL,NULL);
CREATE TABLE `administrators` (`id` INTEGER PRIMARY KEY AUTO_INCREMENT NOT NULL, `email` varchar(255) NOT NULL, `email_for_index` varchar(255) NOT NULL, `hashed_password` varchar(255), `suspended` boolean DEFAULT '0' NOT NULL, `created_at` datetime, `updated_at` datetime);
CREATE TABLE `staff_events` (`id` INTEGER PRIMARY KEY AUTO_INCREMENT NOT NULL, `staff_member_id` integer NOT NULL, `type` varchar(255) NOT NULL, `created_at` datetime NOT NULL);
INSERT INTO `staff_events` VALUES(1,1,'logged_in','2017-01-13 11:08:45.858419');
CREATE TABLE `customers` (`id` INTEGER PRIMARY KEY AUTO_INCREMENT NOT NULL, `email` varchar(255) NOT NULL, `email_for_index` varchar(255) NOT NULL, `hashed_password` varchar(255), `family_name` varchar(255) NOT NULL, `given_name` varchar(255) NOT NULL, `family_name_kana` varchar(255) NOT NULL, `given_name_kana` varchar(255) NOT NULL, `created_at` datetime, `updated_at` datetime);
INSERT INTO `customers` VALUES(1,'hideakitakahashi99@gmail.com','hideakitakahashi99@gmail.com','$2a$10$e6VgTjIrZ4TsjXf6bBWCzeawIdsVF4.vlOKfIkZ3BsDFCK1RL1Y5.','高橋','秀彰','タカハシ','ヒデアキ','2016-12-11 15:36:46.526712','2016-12-11 15:36:46.526712');
INSERT INTO `customers` VALUES(2,'takahashi.hideaki@shizencyokuhan.org','takahashi.hideaki@shizencyokuhan.org','$2a$10$55t9Ab5m1rhkP.N3iauuwusY2wzzPgPijSvJxWaKp0U9V3qtnpGzy','高橋','秀彰','タカハシ','ヒデアキ','2017-01-13 10:54:57.545580','2017-01-13 10:54:57.545580');
CREATE TABLE `addresses` (`id` INTEGER PRIMARY KEY AUTO_INCREMENT NOT NULL, `customer_id` integer NOT NULL, `postal_code` varchar(255) NOT NULL, `prefecture` varchar(255) NOT NULL, `city` varchar(255) NOT NULL, `address1` varchar(255) NOT NULL, `address2` varchar(255) NOT NULL, `company_name` varchar(255) DEFAULT '' NOT NULL, `division_name` varchar(255) DEFAULT '' NOT NULL, `type` varchar(255), `created_at` datetime, `updated_at` datetime, `order_id` integer, `phone` varchar(255));
INSERT INTO `addresses` VALUES(1,2,'6694312','','Tamba','Kitaoku 555','Ichijima cyo','','',NULL,'2017-01-13 11:16:07.101290','2017-01-13 11:16:07.101290',NULL,'09017352078');
INSERT INTO `addresses` VALUES(2,1,'6694312','兵庫県','丹波市市島町北奥','555','','','',NULL,'2017-01-19 04:10:54.613322','2017-01-19 04:10:54.613322',NULL,'9017352078');
CREATE TABLE `phones` (`id` INTEGER PRIMARY KEY AUTO_INCREMENT NOT NULL, `customer_id` integer NOT NULL, `address_id` integer, `number` varchar(255) NOT NULL, `number_for_index` varchar(255) NOT NULL, `primary` boolean DEFAULT '0' NOT NULL, `created_at` datetime, `updated_at` datetime);
CREATE TABLE `staff_addresses` (`id` INTEGER PRIMARY KEY AUTO_INCREMENT NOT NULL, `staff_member_id` integer DEFAULT 0 NOT NULL, `postal_code` varchar(255) DEFAULT '' NOT NULL, `prefecture` varchar(255) DEFAULT '' NOT NULL, `city` varchar(255) DEFAULT '' NOT NULL, `address1` varchar(255) DEFAULT '' NOT NULL, `address2` varchar(255) DEFAULT '' NOT NULL, `created_at` datetime, `updated_at` datetime, `latitude` float, `longitude` float);
CREATE TABLE `articles` (`id` INTEGER PRIMARY KEY AUTO_INCREMENT NOT NULL, `status` varchar(255), `created_at` datetime, `updated_at` datetime);
CREATE TABLE `microposts` (`id` INTEGER PRIMARY KEY AUTO_INCREMENT NOT NULL, `content` varchar(255), `staff_member_id` integer, `created_at` datetime, `updated_at` datetime);
CREATE TABLE `schedules` (`id` INTEGER PRIMARY KEY AUTO_INCREMENT NOT NULL, `harvest` varchar(255), `opening` varchar(255), `staff_member_id` integer, `harvest_date` date, `opening_date` datetime, `closing_date` datetime, `allDay` boolean, `event_url` varchar(255), `created_at` datetime, `updated_at` datetime, `image1` varchar(255), `image2` varchar(255), `image3` varchar(255));
CREATE TABLE `products` (`id` INTEGER PRIMARY KEY AUTO_INCREMENT NOT NULL, `category` varchar(255) NOT NULL, `variety` varchar(255) NOT NULL, `method` varchar(255) NOT NULL, `description` text, `net` integer NOT NULL, `price` decimal(8) NOT NULL, `stock` integer NOT NULL, `staff_member_id` varchar(255), `created_at` datetime, `updated_at` datetime, `image` varchar(255), `productimg` varchar(255), `seed_rising` boolean DEFAULT '0' NOT NULL);
INSERT INTO `products` VALUES(1,'ニンジン／人参','雪下','完全無肥料／農薬不使用栽培','yukishitanochikara',1000,500,1,'1','2017-01-13 11:14:48.482688','2017-01-24 01:55:10.543487',NULL,'12810435_1204082339620469_993481835_o.jpg','1');
CREATE TABLE `line_items` (`id` INTEGER PRIMARY KEY AUTO_INCREMENT NOT NULL, `product_id` integer, `cart_id` integer, `created_at` datetime, `updated_at` datetime, `quantity` integer DEFAULT 1, `order_id` integer, `address_id` integer);
INSERT INTO `line_items` VALUES(1,1,NULL,'2017-01-13 11:15:12.369848','2017-01-13 11:18:11.634145',1,1,NULL);
INSERT INTO `line_items` VALUES(2,1,NULL,'2017-01-19 04:10:30.505824','2017-01-19 04:13:30.524628',1,2,NULL);
INSERT INTO `line_items` VALUES(3,1,NULL,'2017-01-19 04:20:36.770805','2017-01-19 04:44:55.858582',1,3,NULL);
INSERT INTO `line_items` VALUES(4,1,4,'2017-01-19 06:17:44.502938','2017-01-19 06:17:44.502938',1,NULL,NULL);
INSERT INTO `line_items` VALUES(5,1,5,'2017-01-24 01:55:10.581365','2017-01-24 01:55:10.581365',1,NULL,NULL);
CREATE TABLE `tests` (`id` INTEGER PRIMARY KEY AUTO_INCREMENT NOT NULL, `created_at` datetime, `updated_at` datetime);
CREATE TABLE `carts` (`id` INTEGER PRIMARY KEY AUTO_INCREMENT NOT NULL, `created_at` datetime, `updated_at` datetime, `staff_member_id` integer, `customer_id` integer);
INSERT INTO `carts` VALUES(4,'2017-01-19 06:17:37.417369','2017-01-19 06:17:37.417369',1,2);
INSERT INTO `carts` VALUES(5,'2017-01-23 04:22:52.563273','2017-01-23 04:22:52.563273',1,1);
CREATE TABLE `orders` (`id` INTEGER PRIMARY KEY AUTO_INCREMENT NOT NULL, `customer_id` integer NOT NULL, `address_id` integer NOT NULL, `shipped` boolean DEFAULT '0', `created_at` datetime, `updated_at` datetime, `staff_member_id` integer, `total_price` decimal, `payment` varchar(255));
INSERT INTO `orders` VALUES(1,2,1,'0','2017-01-13 11:18:11.631841','2017-01-13 11:18:11.631841',1,1000,'クレジット支払い');
INSERT INTO `orders` VALUES(2,1,2,'0','2017-01-19 04:13:30.523131','2017-01-19 04:13:30.523131',1,1000,'クレジット支払い');
INSERT INTO `orders` VALUES(3,1,2,'0','2017-01-19 04:44:55.857068','2017-01-19 04:44:55.857068',1,1000,'クレジット支払い');
CREATE TABLE `relationships` (`id` INTEGER PRIMARY KEY AUTO_INCREMENT NOT NULL, `follower_id` integer, `followed_id` integer, `created_at` datetime, `updated_at` datetime);
CREATE TABLE `mapus` (`id` INTEGER PRIMARY KEY AUTO_INCREMENT NOT NULL, `longitude` float, `latitude` float, `address` varchar(255), `description` text, `title` varchar(255), `created_at` datetime, `updated_at` datetime);
CREATE TABLE `tokens` (`id` INTEGER PRIMARY KEY AUTO_INCREMENT NOT NULL, `customer_id` integer NOT NULL, `uuid` varchar(255) NOT NULL, `expire_at` datetime NOT NULL, `created_at` datetime, `updated_at` datetime);
CREATE TABLE `additional_infos` (`id` INTEGER PRIMARY KEY AUTO_INCREMENT NOT NULL, `staff_member_id` integer, `type` varchar(255), `farm_condition` varchar(255), `farm_condition_year` varchar(255), `masterpiece` varchar(255), `created_at` datetime, `updated_at` datetime, `explanation` text);
CREATE TABLE `banks` (`id` INTEGER PRIMARY KEY AUTO_INCREMENT NOT NULL, `staff_member_id` integer, `bank_name` varchar(255), `branch_name` varchar(255), `account_type` varchar(255), `account_number` integer, `account_holder` varchar(255), `created_at` datetime, `updated_at` datetime);
CREATE TABLE `sales_terms` (`id` INTEGER PRIMARY KEY AUTO_INCREMENT NOT NULL, `staff_member_id` integer, `type` varchar(255), `delivery_fee` integer, `legal_info` text, `return_policy` text, `created_at` datetime, `updated_at` datetime);
INSERT INTO `sales_terms` VALUES(1,1,NULL,500,'','','2017-01-13 11:16:54.725048','2017-01-13 11:16:54.725048');
CREATE UNIQUE INDEX `unique_schema_migrations` ON `schema_migrations` (`version`);
CREATE UNIQUE INDEX `index_users_on_email` ON `users` (`email`);
CREATE UNIQUE INDEX `index_users_on_reset_password_token` ON `users` (`reset_password_token`);
CREATE UNIQUE INDEX `index_staff_members_on_email_for_index` ON `staff_members` (`email_for_index`);
CREATE UNIQUE INDEX `index_administrators_on_email_for_index` ON `administrators` (`email_for_index`);
CREATE INDEX `index_staff_events_on_created_at` ON `staff_events` (`created_at`);
CREATE INDEX `index_staff_events_on_staff_member_id_and_created_at` ON `staff_events` (`staff_member_id`, `created_at`);
CREATE UNIQUE INDEX `index_customers_on_email_for_index` ON `customers` (`email_for_index`);
CREATE INDEX `index_addresses_on_customer_id` ON `addresses` (`customer_id`);
CREATE INDEX `index_phones_on_customer_id` ON `phones` (`customer_id`);
CREATE INDEX `index_phones_on_address_id` ON `phones` (`address_id`);
CREATE INDEX `index_phones_on_number_for_index` ON `phones` (`number_for_index`);
CREATE INDEX `index_addresses_on_type_and_prefecture_and_city` ON `addresses` (`type`, `prefecture`, `city`);
CREATE INDEX `index_addresses_on_type_and_city` ON `addresses` (`type`, `city`);
CREATE INDEX `index_addresses_on_prefecture_and_city` ON `addresses` (`prefecture`, `city`);
CREATE INDEX `index_addresses_on_city` ON `addresses` (`city`);
CREATE INDEX `index_staff_addresses_on_staff_member_id` ON `staff_addresses` (`staff_member_id`);
CREATE INDEX `index_microposts_on_staff_member_id_and_created_at` ON `microposts` (`staff_member_id`, `created_at`);
CREATE INDEX `index_schedules_on_staff_member_id_and_created_at` ON `schedules` (`staff_member_id`, `created_at`);
CREATE INDEX `index_products_on_staff_member_id` ON `products` (`staff_member_id`);
CREATE INDEX `index_orders_on_customer_id` ON `orders` (`customer_id`);
CREATE INDEX `index_relationships_on_follower_id` ON `relationships` (`follower_id`);
CREATE INDEX `index_relationships_on_followed_id` ON `relationships` (`followed_id`);
CREATE UNIQUE INDEX `index_relationships_on_follower_id_and_followed_id` ON `relationships` (`follower_id`, `followed_id`);
CREATE INDEX `index_products_on_category` ON `products` (`category`);
CREATE INDEX `index_tokens_on_customer_id` ON `tokens` (`customer_id`);
CREATE INDEX `index_additional_infos_on_staff_member_id` ON `additional_infos` (`staff_member_id`);
CREATE UNIQUE INDEX `index_additional_infos_on_type_and_staff_member_id` ON `additional_infos` (`type`, `staff_member_id`);
CREATE INDEX `index_banks_on_staff_member_id` ON `banks` (`staff_member_id`);
CREATE INDEX `index_staff_addresses_on_prefecture` ON `staff_addresses` (`prefecture`);
CREATE INDEX `index_sales_terms_on_staff_member_id` ON `sales_terms` (`staff_member_id`);
CREATE UNIQUE INDEX `index_sales_terms_on_type_and_staff_member_id` ON `sales_terms` (`type`, `staff_member_id`);
